resdue,chain,rmsf
20,A,8.99E+00
21,A,6.80E+00
22,A,4.65E+00
23,A,3.50E+00
24,A,1.77E+00
25,A,1.37E+00
26,A,1.27E+00
27,A,1.33E+00
28,A,1.42E+00
29,A,1.57E+00
30,A,1.59E+00
31,A,1.65E+00
32,A,1.53E+00
33,A,1.38E+00
34,A,1.23E+00
35,A,1.14E+00
36,A,1.08E+00
37,A,9.46E-01
38,A,9.29E-01
39,A,1.00E+00
40,A,9.43E-01
41,A,9.26E-01
42,A,9.51E-01
43,A,1.03E+00
44,A,1.17E+00
45,A,1.55E+00
46,A,2.12E+00
47,A,2.23E+00
48,A,1.76E+00
49,A,1.42E+00
50,A,1.43E+00
51,A,1.34E+00
52,A,1.79E+00
53,A,1.87E+00
54,A,1.75E+00
55,A,1.56E+00
56,A,1.99E+00
57,A,2.05E+00
58,A,2.55E+00
59,A,1.85E+00
60,A,1.28E+00
61,A,1.23E+00
62,A,9.80E-01
63,A,9.88E-01
64,A,9.46E-01
65,A,1.04E+00
66,A,1.04E+00
67,A,9.91E-01
68,A,1.02E+00
69,A,1.04E+00
70,A,1.01E+00
71,A,1.04E+00
72,A,1.11E+00
73,A,1.11E+00
74,A,1.12E+00
75,A,1.21E+00
76,A,1.25E+00
77,A,1.26E+00
78,A,1.31E+00
79,A,1.42E+00
80,A,1.46E+00
81,A,1.48E+00
82,A,1.58E+00
83,A,1.69E+00
84,A,1.81E+00
85,A,2.34E+00
86,A,2.00E+00
87,A,1.66E+00
88,A,1.65E+00
89,A,1.88E+00
90,A,1.95E+00
91,A,1.73E+00
92,A,1.65E+00
93,A,1.47E+00
94,A,1.43E+00
95,A,1.31E+00
96,A,1.24E+00
97,A,1.13E+00
98,A,1.09E+00
99,A,1.04E+00
100,A,9.95E-01
101,A,1.01E+00
102,A,1.03E+00
103,A,9.17E-01
104,A,8.87E-01
105,A,1.00E+00
106,A,1.01E+00
107,A,9.30E-01
108,A,9.69E-01
109,A,1.08E+00
110,A,1.10E+00
111,A,1.09E+00
112,A,1.19E+00
113,A,1.36E+00
114,A,1.32E+00
115,A,1.41E+00
116,A,1.57E+00
117,A,1.73E+00
118,A,1.67E+00
119,A,1.59E+00
120,A,1.71E+00
121,A,1.90E+00
122,A,1.90E+00
123,A,1.84E+00
124,A,2.05E+00
125,A,2.27E+00
126,A,3.14E+00
131,A,3.68E+00
132,A,3.39E+00
133,A,2.78E+00
134,A,2.21E+00
135,A,2.26E+00
136,A,1.67E+00
137,A,1.58E+00
138,A,1.33E+00
139,A,1.29E+00
140,A,1.15E+00
141,A,1.07E+00
142,A,1.05E+00
143,A,1.35E+00
144,A,1.10E+00
145,A,1.13E+00
146,A,8.86E-01
147,A,7.96E-01
148,A,9.78E-01
149,A,1.11E+00
150,A,1.15E+00
151,A,1.08E+00
152,A,1.14E+00
153,A,1.04E+00
154,A,1.02E+00
155,A,1.06E+00
156,A,1.11E+00
157,A,1.13E+00
158,A,1.19E+00
159,A,1.31E+00
160,A,1.33E+00
161,A,1.25E+00
162,A,1.18E+00
163,A,1.11E+00
164,A,1.07E+00
165,A,1.00E+00
166,A,9.24E-01
167,A,9.60E-01
168,A,1.01E+00
169,A,8.88E-01
170,A,8.46E-01
171,A,7.73E-01
172,A,9.06E-01
173,A,9.47E-01
174,A,9.16E-01
175,A,1.01E+00
176,A,1.10E+00
177,A,1.25E+00
178,A,1.38E+00
179,A,1.46E+00
180,A,1.14E+00
181,A,1.18E+00
182,A,1.14E+00
183,A,1.02E+00
184,A,1.00E+00
185,A,9.32E-01
186,A,9.68E-01
187,A,1.03E+00
188,A,1.11E+00
189,A,1.03E+00
190,A,8.24E-01
191,A,9.55E-01
192,A,9.80E-01
193,A,8.84E-01
194,A,7.75E-01
195,A,8.50E-01
196,A,8.81E-01
197,A,7.79E-01
198,A,7.67E-01
199,A,8.74E-01
200,A,9.09E-01
201,A,8.43E-01
202,A,9.39E-01
203,A,1.06E+00
204,A,1.15E+00
205,A,1.16E+00
206,A,9.46E-01
207,A,8.55E-01
208,A,7.71E-01
209,A,6.50E-01
210,A,5.60E-01
211,A,4.79E-01
212,A,4.47E-01
213,A,5.24E-01
214,A,4.68E-01
215,A,4.53E-01
216,A,5.30E-01
217,A,6.15E-01
218,A,6.14E-01
219,A,5.41E-01
220,A,5.31E-01
221,A,6.32E-01
222,A,6.40E-01
223,A,5.58E-01
224,A,5.85E-01
225,A,6.62E-01
226,A,6.15E-01
227,A,6.65E-01
228,A,8.57E-01
229,A,7.61E-01
230,A,7.30E-01
231,A,9.20E-01
232,A,9.43E-01
233,A,8.61E-01
234,A,9.21E-01
235,A,7.60E-01
236,A,7.53E-01
237,A,6.66E-01
238,A,6.71E-01
239,A,5.60E-01
240,A,4.99E-01
241,A,4.11E-01
242,A,4.62E-01
243,A,4.48E-01
244,A,4.65E-01
245,A,5.46E-01
246,A,6.12E-01
247,A,5.82E-01
248,A,7.07E-01
249,A,6.80E-01
250,A,6.65E-01
251,A,5.66E-01
252,A,5.03E-01
253,A,5.14E-01
254,A,5.01E-01
255,A,4.60E-01
256,A,4.67E-01
257,A,5.51E-01
258,A,5.53E-01
259,A,5.79E-01
260,A,7.56E-01
261,A,8.59E-01
262,A,7.32E-01
263,A,8.09E-01
264,A,7.44E-01
265,A,7.90E-01
266,A,7.10E-01
267,A,5.81E-01
268,A,5.71E-01
269,A,5.46E-01
270,A,5.38E-01
271,A,5.70E-01
272,A,6.37E-01
273,A,6.55E-01
274,A,6.61E-01
275,A,5.65E-01
276,A,5.46E-01
277,A,6.37E-01
278,A,6.03E-01
279,A,5.08E-01
280,A,5.63E-01
281,A,6.48E-01
282,A,6.14E-01
283,A,6.11E-01
284,A,7.54E-01
285,A,8.68E-01
286,A,9.17E-01
287,A,9.82E-01
288,A,8.95E-01
289,A,1.00E+00
290,A,1.05E+00
291,A,8.19E-01
292,A,8.14E-01
293,A,7.11E-01
294,A,6.54E-01
295,A,6.48E-01
296,A,6.53E-01
297,A,7.45E-01
298,A,7.33E-01
299,A,6.70E-01
300,A,7.28E-01
301,A,8.58E-01
302,A,8.14E-01
303,A,9.25E-01
304,A,8.37E-01
305,A,7.78E-01
306,A,8.89E-01
307,A,1.08E+00
308,A,1.21E+00
309,A,1.21E+00
310,A,9.09E-01
311,A,1.05E+00
312,A,9.90E-01
313,A,8.39E-01
314,A,8.87E-01
315,A,9.10E-01
316,A,9.40E-01
317,A,7.72E-01
318,A,8.23E-01
319,A,8.13E-01
320,A,8.55E-01
321,A,9.84E-01
322,A,1.11E+00
323,A,1.39E+00
324,A,2.07E+00
325,A,1.51E+00
326,A,1.47E+00
327,A,1.35E+00
328,A,1.56E+00
329,A,1.65E+00
330,A,1.39E+00
331,A,1.45E+00
332,A,1.54E+00
333,A,1.41E+00
334,A,1.32E+00
335,A,1.54E+00
336,A,1.65E+00
337,A,1.60E+00
338,A,1.70E+00
339,A,1.74E+00
340,A,1.97E+00
341,A,1.89E+00
342,A,1.82E+00
343,A,1.77E+00
344,A,1.66E+00
345,A,1.41E+00
346,A,1.43E+00
347,A,1.20E+00
348,A,1.33E+00
349,A,1.46E+00
350,A,1.32E+00
351,A,1.23E+00
352,A,1.43E+00
353,A,1.51E+00
354,A,1.38E+00
355,A,1.46E+00
356,A,1.74E+00
357,A,1.80E+00
358,A,1.92E+00
359,A,1.98E+00
360,A,2.12E+00
361,A,2.52E+00
362,A,2.75E+00
391,A,2.49E+00
392,A,2.32E+00
393,A,2.44E+00
394,A,2.41E+00
395,A,2.13E+00
396,A,2.26E+00
397,A,2.08E+00
398,A,2.35E+00
399,A,2.16E+00
400,A,2.30E+00
401,A,2.17E+00
402,A,2.46E+00
403,A,2.50E+00
404,A,2.29E+00
405,A,2.28E+00
406,A,1.61E+00
407,A,1.46E+00
408,A,1.32E+00
409,A,1.43E+00
410,A,1.57E+00
411,A,1.39E+00
412,A,1.58E+00
413,A,1.28E+00
414,A,1.14E+00
415,A,1.22E+00
416,A,1.14E+00
417,A,1.11E+00
418,A,1.14E+00
419,A,1.12E+00
420,A,1.06E+00
421,A,1.19E+00
422,A,1.21E+00
423,A,1.15E+00
424,A,1.20E+00
425,A,1.29E+00
426,A,1.28E+00
427,A,1.25E+00
428,A,1.37E+00
429,A,1.43E+00
430,A,1.40E+00
431,A,1.45E+00
432,A,1.60E+00
433,A,1.68E+00
434,A,1.68E+00
435,A,1.84E+00
436,A,2.06E+00
437,A,1.99E+00
438,A,2.12E+00
439,A,2.21E+00
440,A,2.39E+00
441,A,2.28E+00
442,A,1.79E+00
443,A,1.72E+00
444,A,1.63E+00
445,A,1.91E+00
446,A,2.22E+00
447,A,2.06E+00
448,A,1.96E+00
449,A,2.15E+00
450,A,1.99E+00
451,A,1.79E+00
452,A,1.74E+00
453,A,1.94E+00
454,A,1.82E+00
455,A,1.48E+00
456,A,1.36E+00
457,A,1.23E+00
458,A,1.25E+00
459,A,1.30E+00
460,A,1.27E+00
461,A,1.23E+00
462,A,1.32E+00
463,A,1.38E+00
464,A,1.29E+00
465,A,1.35E+00
466,A,1.55E+00
467,A,1.46E+00
468,A,1.47E+00
469,A,1.53E+00
470,A,1.62E+00
471,A,1.54E+00
472,A,1.82E+00
473,A,1.96E+00
474,A,2.06E+00
475,A,1.85E+00
476,A,1.66E+00
477,A,1.46E+00
478,A,1.43E+00
479,A,1.29E+00
480,A,1.31E+00
481,A,1.36E+00
482,A,1.21E+00
483,A,1.07E+00
484,A,1.09E+00
485,A,1.27E+00
486,A,1.66E+00
487,A,2.34E+00
488,A,1.21E+00
489,A,9.87E-01
490,A,1.03E+00
491,A,9.46E-01
492,A,9.62E-01
493,A,9.09E-01
494,A,8.90E-01
495,A,1.06E+00
496,A,1.38E+00
497,A,1.78E+00
498,A,2.51E+00
499,A,2.96E+00
500,A,2.82E+00
501,A,2.22E+00
502,A,1.63E+00
503,A,1.17E+00
504,A,1.19E+00
505,A,1.09E+00
506,A,1.10E+00
507,A,1.13E+00
508,A,1.13E+00
509,A,1.12E+00
510,A,1.09E+00
511,A,1.05E+00
512,A,1.30E+00
20,B,7.59E+00
21,B,6.08E+00
22,B,3.81E+00
23,B,2.27E+00
24,B,1.54E+00
25,B,1.38E+00
26,B,1.40E+00
27,B,1.46E+00
28,B,1.55E+00
29,B,1.64E+00
30,B,1.59E+00
31,B,1.59E+00
32,B,1.44E+00
33,B,1.40E+00
34,B,1.18E+00
35,B,1.07E+00
36,B,1.00E+00
37,B,9.24E-01
38,B,9.44E-01
39,B,1.01E+00
40,B,1.14E+00
41,B,1.18E+00
42,B,1.11E+00
43,B,1.14E+00
44,B,1.21E+00
45,B,1.53E+00
46,B,2.28E+00
47,B,2.64E+00
48,B,2.55E+00
49,B,1.77E+00
50,B,1.73E+00
51,B,1.44E+00
52,B,1.75E+00
53,B,1.68E+00
54,B,1.53E+00
55,B,1.44E+00
56,B,2.03E+00
57,B,2.02E+00
58,B,1.62E+00
59,B,1.47E+00
60,B,1.31E+00
61,B,1.36E+00
62,B,1.31E+00
63,B,1.33E+00
64,B,1.23E+00
65,B,1.30E+00
66,B,1.18E+00
67,B,1.12E+00
68,B,1.23E+00
69,B,1.20E+00
70,B,1.06E+00
71,B,1.14E+00
72,B,1.26E+00
73,B,1.15E+00
74,B,1.11E+00
75,B,1.28E+00
76,B,1.32E+00
77,B,1.22E+00
78,B,1.30E+00
79,B,1.48E+00
80,B,1.45E+00
81,B,1.40E+00
82,B,1.55E+00
83,B,1.68E+00
84,B,1.71E+00
85,B,2.19E+00
86,B,1.86E+00
87,B,1.55E+00
88,B,1.56E+00
89,B,1.77E+00
90,B,1.85E+00
91,B,1.69E+00
92,B,1.62E+00
93,B,1.44E+00
94,B,1.45E+00
95,B,1.33E+00
96,B,1.26E+00
97,B,1.18E+00
98,B,1.16E+00
99,B,1.12E+00
100,B,9.99E-01
101,B,1.13E+00
102,B,1.03E+00
103,B,9.36E-01
104,B,8.90E-01
105,B,1.08E+00
106,B,1.12E+00
107,B,9.57E-01
108,B,9.98E-01
109,B,1.20E+00
110,B,1.19E+00
111,B,1.08E+00
112,B,1.20E+00
113,B,1.25E+00
114,B,1.12E+00
115,B,1.20E+00
116,B,1.49E+00
117,B,1.59E+00
118,B,1.91E+00
119,B,2.41E+00
120,B,2.34E+00
121,B,2.39E+00
122,B,3.05E+00
123,B,3.43E+00
124,B,3.51E+00
125,B,3.20E+00
126,B,2.72E+00
131,B,2.71E+00
132,B,2.68E+00
133,B,2.35E+00
134,B,1.80E+00
135,B,1.59E+00
136,B,1.52E+00
137,B,1.24E+00
138,B,1.20E+00
139,B,1.00E+00
140,B,9.11E-01
141,B,8.58E-01
142,B,1.21E+00
143,B,8.58E-01
144,B,7.68E-01
145,B,7.70E-01
146,B,6.04E-01
147,B,7.89E-01
148,B,7.58E-01
149,B,7.39E-01
150,B,7.18E-01
151,B,8.16E-01
152,B,7.97E-01
153,B,7.38E-01
154,B,7.78E-01
155,B,8.89E-01
156,B,9.16E-01
157,B,9.40E-01
158,B,1.06E+00
159,B,1.07E+00
160,B,9.84E-01
161,B,9.44E-01
162,B,8.68E-01
163,B,7.87E-01
164,B,7.14E-01
165,B,6.65E-01
166,B,6.79E-01
167,B,6.21E-01
168,B,5.20E-01
169,B,4.50E-01
170,B,4.34E-01
171,B,4.24E-01
172,B,4.47E-01
173,B,4.32E-01
174,B,4.44E-01
175,B,5.17E-01
176,B,7.20E-01
177,B,9.38E-01
178,B,7.93E-01
179,B,6.22E-01
180,B,7.41E-01
181,B,7.72E-01
182,B,6.55E-01
183,B,6.39E-01
184,B,5.73E-01
185,B,6.24E-01
186,B,6.11E-01
187,B,6.57E-01
188,B,5.06E-01
189,B,4.49E-01
190,B,5.92E-01
191,B,5.38E-01
192,B,5.21E-01
193,B,5.95E-01
194,B,6.85E-01
195,B,6.92E-01
196,B,7.56E-01
197,B,8.33E-01
198,B,8.53E-01
199,B,9.11E-01
200,B,1.01E+00
201,B,1.09E+00
202,B,1.13E+00
203,B,1.24E+00
204,B,1.35E+00
205,B,1.31E+00
206,B,1.36E+00
207,B,1.27E+00
208,B,1.10E+00
209,B,1.07E+00
210,B,9.17E-01
211,B,8.46E-01
212,B,8.13E-01
213,B,7.17E-01
214,B,6.81E-01
215,B,6.55E-01
216,B,5.40E-01
217,B,5.70E-01
218,B,6.17E-01
219,B,6.30E-01
220,B,5.13E-01
221,B,5.78E-01
222,B,6.87E-01
223,B,6.63E-01
224,B,6.12E-01
225,B,7.24E-01
226,B,9.08E-01
227,B,9.19E-01
228,B,8.40E-01
229,B,9.97E-01
230,B,1.19E+00
231,B,1.16E+00
232,B,1.14E+00
233,B,1.27E+00
234,B,1.18E+00
235,B,1.25E+00
236,B,1.13E+00
237,B,1.24E+00
238,B,1.12E+00
239,B,9.62E-01
240,B,9.05E-01
241,B,8.70E-01
242,B,9.08E-01
243,B,9.29E-01
244,B,1.01E+00
245,B,1.19E+00
246,B,1.24E+00
247,B,1.43E+00
248,B,1.51E+00
249,B,1.50E+00
250,B,1.34E+00
251,B,1.27E+00
252,B,1.39E+00
253,B,1.34E+00
254,B,1.21E+00
255,B,1.33E+00
256,B,1.44E+00
257,B,1.32E+00
258,B,1.32E+00
259,B,1.57E+00
260,B,1.63E+00
261,B,1.44E+00
262,B,1.47E+00
263,B,1.35E+00
264,B,1.37E+00
265,B,1.16E+00
266,B,1.05E+00
267,B,8.80E-01
268,B,8.10E-01
269,B,6.72E-01
270,B,7.22E-01
271,B,8.00E-01
272,B,9.37E-01
273,B,1.02E+00
274,B,9.33E-01
275,B,9.63E-01
276,B,1.10E+00
277,B,1.19E+00
278,B,1.15E+00
279,B,1.23E+00
280,B,1.38E+00
281,B,1.40E+00
282,B,1.42E+00
283,B,1.55E+00
284,B,1.66E+00
285,B,1.69E+00
286,B,1.71E+00
287,B,1.62E+00
288,B,1.64E+00
289,B,1.77E+00
290,B,1.41E+00
291,B,1.25E+00
292,B,1.06E+00
293,B,9.04E-01
294,B,8.08E-01
295,B,6.66E-01
296,B,6.86E-01
297,B,7.48E-01
298,B,8.40E-01
299,B,8.65E-01
300,B,9.86E-01
301,B,1.04E+00
302,B,1.21E+00
303,B,1.20E+00
304,B,1.19E+00
305,B,1.25E+00
306,B,1.52E+00
307,B,1.63E+00
308,B,1.71E+00
309,B,1.49E+00
310,B,1.47E+00
311,B,1.57E+00
312,B,1.40E+00
313,B,1.27E+00
314,B,1.37E+00
315,B,1.30E+00
316,B,1.10E+00
317,B,9.80E-01
318,B,8.87E-01
319,B,7.40E-01
320,B,7.81E-01
321,B,7.65E-01
322,B,9.86E-01
323,B,1.16E+00
324,B,1.09E+00
325,B,1.25E+00
326,B,1.27E+00
327,B,1.48E+00
328,B,1.61E+00
329,B,1.44E+00
330,B,1.56E+00
331,B,1.71E+00
332,B,1.61E+00
333,B,1.55E+00
334,B,1.81E+00
335,B,1.97E+00
336,B,1.96E+00
337,B,2.06E+00
338,B,2.12E+00
339,B,2.35E+00
340,B,2.27E+00
341,B,2.22E+00
342,B,2.05E+00
343,B,1.71E+00
344,B,1.57E+00
345,B,1.63E+00
346,B,1.50E+00
347,B,1.63E+00
348,B,1.77E+00
349,B,1.65E+00
350,B,1.60E+00
351,B,1.83E+00
352,B,1.94E+00
353,B,1.80E+00
354,B,1.86E+00
355,B,2.18E+00
356,B,2.31E+00
357,B,2.50E+00
358,B,2.51E+00
359,B,2.66E+00
360,B,3.22E+00
361,B,4.56E+00
362,B,4.79E+00
391,B,5.48E+00
392,B,4.93E+00
393,B,4.64E+00
394,B,3.86E+00
395,B,3.38E+00
396,B,3.61E+00
397,B,3.18E+00
398,B,2.99E+00
399,B,2.62E+00
400,B,2.61E+00
401,B,2.31E+00
402,B,2.67E+00
403,B,2.74E+00
404,B,2.41E+00
405,B,2.26E+00
406,B,1.79E+00
407,B,1.55E+00
408,B,1.53E+00
409,B,1.62E+00
410,B,1.64E+00
411,B,1.39E+00
412,B,1.38E+00
413,B,1.13E+00
414,B,1.03E+00
415,B,9.07E-01
416,B,8.58E-01
417,B,9.58E-01
418,B,9.11E-01
419,B,7.81E-01
420,B,8.79E-01
421,B,9.82E-01
422,B,8.96E-01
423,B,8.59E-01
424,B,1.01E+00
425,B,1.03E+00
426,B,9.49E-01
427,B,1.02E+00
428,B,1.16E+00
429,B,1.15E+00
430,B,1.13E+00
431,B,1.26E+00
432,B,1.34E+00
433,B,1.35E+00
434,B,1.41E+00
435,B,1.55E+00
436,B,1.64E+00
437,B,1.68E+00
438,B,1.96E+00
439,B,2.08E+00
440,B,2.13E+00
441,B,1.93E+00
442,B,1.63E+00
443,B,1.49E+00
444,B,1.60E+00
445,B,1.82E+00
446,B,1.96E+00
447,B,1.82E+00
448,B,1.86E+00
449,B,1.79E+00
450,B,1.63E+00
451,B,1.69E+00
452,B,1.63E+00
453,B,1.86E+00
454,B,1.80E+00
455,B,1.51E+00
456,B,1.40E+00
457,B,1.20E+00
458,B,1.16E+00
459,B,1.22E+00
460,B,1.12E+00
461,B,9.80E-01
462,B,1.08E+00
463,B,1.11E+00
464,B,9.79E-01
465,B,9.83E-01
466,B,1.09E+00
467,B,1.06E+00
468,B,1.20E+00
469,B,1.37E+00
470,B,1.49E+00
471,B,1.56E+00
472,B,2.07E+00
473,B,1.91E+00
474,B,1.84E+00
475,B,1.66E+00
476,B,1.40E+00
477,B,9.99E-01
478,B,9.05E-01
479,B,7.94E-01
480,B,1.27E+00
481,B,1.29E+00
482,B,6.48E-01
483,B,6.67E-01
484,B,7.40E-01
485,B,6.26E-01
486,B,7.46E-01
487,B,6.85E-01
488,B,6.69E-01
489,B,6.48E-01
490,B,7.69E-01
491,B,8.49E-01
492,B,9.64E-01
493,B,1.08E+00
494,B,1.20E+00
495,B,1.37E+00
496,B,1.58E+00
497,B,1.76E+00
498,B,2.29E+00
499,B,2.39E+00
500,B,2.22E+00
501,B,2.00E+00
502,B,1.71E+00
503,B,1.44E+00
504,B,1.38E+00
505,B,1.20E+00
506,B,1.20E+00
507,B,1.08E+00
508,B,1.07E+00
509,B,9.57E-01
510,B,8.04E-01
511,B,7.02E-01
512,B,7.66E-01
